{
    "faithfulness": NaN,
    "context_precision": 0.49999999995,
    "context_recall": 1.0,
    "answer_relevance": 0.9458587963430992
}